emotion,percentage
fear,25.63591265016293
joy,25.10821458100287
neutral,20.037935898059434
anger,11.368610476144156
surprise,8.732551918680997
sadness,6.047857594474977
disgust,3.068916881474636
